<?xml version="1.0" encoding="utf-8"?>
<odoo>
<data>
	<record id="email_template_feedback_accepted" model="mail.template">
            <field name="name">Feedback Accepted</field>
            <field name="email_from">hari@gmail.com</field>
            <field name="subject">Test</field>
            <field name="partner_to"></field>
            <field name="auto_delete" eval="False" />
            <field name="model_id" ref="feedback.model_student_detail"/>
            <field name="body_html"><![CDATA[
           
  			
			
		<p>Accepted</p>
			
			
		]]>		
	
		</field>
	</record>
	
</data>
</odoo>